﻿V2_prompt,V2_generated
[긍정] 포레디 기타 아시아음식 리뷰,쌀국수는 그냥 평범 나시고랭 맛있어요
[긍정] 그레이트 히말라야 수원역점 기타 인도음식 리뷰,양도 엄청 많고 맛있어요인도맛 물씬나네용커리도 넘넘 맛있게 먹었네 용치킨티카마살라도 맛있었구여 추천해용ᄒᄒ향신료도 너무 강하지 않아서 좋았어용굿굿굿자주갈게요 수원맛집 인정입니당 ᄒᄒ재방문 의사있어요 추천합니다
[긍정] 메콩타이 광교아브뉴프랑점 기타 아시아음식 리뷰,주말저녁에 방문했어요 쌀국수 팟타이 새우볶음밥 양꿍쌀국수 이렇게 주문했는데 양이 많네요 팟타이는 맛있는데 아쉽 ᅲᅮ 국물은 자극적이지 않고 아이와 같이 맛있게 먹었습니다
[긍정] 수엠부 수원역점 기타 인도음식 리뷰,"수원역맛집 수엠부치킨커리랑 난대창, 모두 너무 맛있었어요 담에 또 방문하겠습니다"
[긍정] 타이테라스 신동카페거리점 기타 태국음식 리뷰,쏨땀 진짜 맛있고 푸팟퐁커리도 진짜ᅮ맛잇어요  볶음밥이랑 팟타이도 둘다 넘 맛잇어요 태국 현지맛나요 영통 태국식당 맛집입니다
[긍정] 히말라야 정원 기타 인도음식 리뷰,사장님이 친절하시고 음식이 맛있어요
"[긍정] 올라메히꼬 기타 멕시코,남미음식 리뷰",처음 방문인데 음식도 맛있고 매장도 넓어서 넘 좋아요
"[긍정] 타코이츠 기타 멕시코,남미음식 리뷰",타코에 치미창가를 새로 오픈했대서 와봤어요 분위기도 좋고 치미창가 안에 든 채소가 신선해요 하하 와서 메뉴도 먹어보고 싶네요 추천합니다
[긍정] 호미스 양식 이탈리아음식 리뷰,파스타가 너무 먹고싶어 호미스는렸지만 그 맛이 아쉬웠어요 ᅮ 그치만 스테이크도 고기가 엄청 부드럽고 맛있는 편이고 분위기는 그냥 스테이크가 최고였어요 잘 먹고 가겠습니다
[긍정] 라프란스 양식 양식 리뷰,라프란스가 늘 맛있어요
[긍정] PPK 키친 본점 양식 양식 리뷰,너무 맛있고 신선하고 직원분들도 친절해요 매장도 넓고 좋은 분위기에 뭐하나 흠잡을 거 없이완벽하네요 덕분에 행복한 시간 보냈습니다
[긍정] 오이탈리안 양식 이탈리아음식 리뷰,분위기가 너무 좋고 음식도 맛있어요
[긍정] 케냐 양식 양식 리뷰,분위기가 좋아요
[긍정] 운멜로랩 2호점 양식 양식 리뷰,가성비 좋고 맛있어용 옥수수 트러플 뇨 끼가 정말 맛있네용 뇨 끼 쫀득하고 고기도 넘넘 부드러워용 그리고 에그볼 크림 파스타는 살짝 매워용 쫀득하고 소스 넉넉해요 크림 소스도 약간 매운게 잘 못 먹는 사람도 넘 맛있게 먹을 것 같아용 ᄒᄒ 분위기도 넘 좋아서 데이트 장소로도 최고예용 ᄒᄒ 그리고 예약하고 방문했는데 대기 전혀 없어서 좋았어용 담에 또 오겠슴다 뇨끼는 또 예약하고 싶어요 ᄒᄒᄒ  또 갈게용ᄒᄒ  감사합니당
[긍정] Oh vin 양식 이탈리아음식 리뷰,가성비 최고입니다
[긍정] 하우스플랜비 양식 양식 리뷰,파스타 넘 맛있어요 뇨끼는 첨먹어보는데 느끼하지않고 좋았습니다
[긍정] 행궁애 일식 일식당 리뷰,맛집이라서 왔는데 뷰도 좋고 맛도 좋아요
[긍정] 도이라멘 일식 일본식라면 리뷰,너무 맛있어요
[긍정] 카츠이산 호매실점 일식 돈가스 리뷰,항상 친절하시고 음식이 정말 맛있어요
[긍정] 겐코쇼쿠도 경기대점 일식 일식당 리뷰,매장에서 직접 구워 먹는 메뉴 맛도 좋고 혼밥하기도 좋아요
[긍정] 후라토식당 아브뉴프랑광교점 일식 일식당 리뷰,오랜만에 규카츠 생각나서 다녀왔어요
[긍정] 로마경양식 일식 돈가스 리뷰,웨이팅이 길어 먹기 쉽지 않지만 한번 가볼만 합니다
[긍정] 이치하치 행궁점 일식 일식당 리뷰,맛있고 가성비짱 좋아요
[긍정] 이츠모라멘 수원점 일식 일본식라면 리뷰,맛있어서 또 왔습니다
[긍정] 선주가 수원역점 주점 요리주점 리뷰,매장이 쾌적하고 직원분들이 친절해요 모둠회랑 꽃게탕 시켰는데 가격은 좀 있지만 맛은 있었습니다
[긍정] 쇼텐 영통점 주점 이자카야 리뷰,너무 맛잇어요 다음에 또 올거같아요 ᄒᄒ 담에 또 방문할게용ᄒᄒ 잘먹구 가습니당 ᄒᄒ 굿굿 또올게용 ᄒᄒ 굳굳 사장님 번창하세요 감사합니다
[긍정] 한신포차 수원역점 주점 포장마차 리뷰,국물닭발 맛있어요
[긍정] 나츠비 주점 이자카야 리뷰,완전 분위기 끝장나는 이자카야에요 연말분위기랑도 너무 잘 어울리고 중방어도 맛있고 오뎅도 골라먹는 재미가 쏠쏠 하고  굿  연어회랑 오뎅 직접 만드신다고합니다
[긍정] 화양가옥 수원역본점 주점 요리주점 리뷰,루꼴라체리토마토 피자 정말 맛있다있어요 하이볼이랑 같이 먹으니 더 꿀맛이에요 담에 또 방문하고 싶어요 또 방문하겠습니다
[긍정] 야키토리잔잔 인계본점 주점 이자카야 리뷰,꼬치구이 무조건 드세요 진짜 맛있어요
[긍정] 제일회관 인계직영점 주점 요리주점 리뷰,매장이 생각보다 넓어서 자리도 많고 분위기 좋구요 메뉴도 다양하고 맛나요 이것저것 먹기에 좋습니당 디저트도 있어서 마무리까지 알차다구요술이 술술 둘어용 해산물 고기 조아하늠 사람만들 기분좋게 한 잔 하기 좋습니당 ᄒᄒ 강추합니다
[긍정] 백주방 광교본점 주점 이자카야 리뷰,광교에서 분위기 좋고 맛도 좋은 이자카야를 찾았네요 항상 믿고 가는 백주방 오늘은 남편이랑 즐거운 시간 보냈어요 ᄒᄒ 음식도 맛있고 무엇보다 분위기가 너무 좋아요
[긍정] 징관청훠궈 수원점 중식 중식당 리뷰,재료 신선하구 좋았어요 버섯탕은 중국 현지 맛이랑 비슷해요 버섯탕에 푸주 섞어 먹으니 현지 맛 느낌 많이 났어요 새우완자는 고기가 많아서 담엔 새우완자 먹어보고 싶어요 비스도 짱 좋구 주차가능해서 편해요 강추합니다
[긍정] 수타원 영통점 중식 중식당 리뷰,맛있고 친절해요 다음에 또 방문할게용ᄒᄒ맛있고 친절하고 좋아용ᄒᄒ재방문의사 있어용 ᄒᄒ 최고네용ᄒᄒ음식 전체적으로 양도 짱많고 빨리 나오네용 추천합니당
[긍정] 고등반점 중식 중식당 리뷰,짜장면 맛집 친절하고 좋아요
[긍정] 수원만두 중식 중식당 리뷰,군만두 맛남여 볶음면은 최고에요가격은 높음 군만두는 평범 탕수육은 소고기탕면과 다른 식초에 절인 매운 고추장소스라 서머스는 좀 비싼편 입니다
[긍정] 마라영웅 수원장안점 중식 중식당 리뷰,가성비 좋고 너무 맛있어요
[긍정] 도야짬뽕 영통구청점 중식 중식당 리뷰,양도많고 국물맛도 진해요 직원분들이 친절하셔서 좋아요
[긍정] 길림성 중식 중식당 리뷰,진짜 음식 맛있어요
[긍정] 홍화루 중식 중식당 리뷰,탕수육 짜장 짬뽕 다 맛있어요
"[긍정] 세광양대창 망포점 한식 곱창,막창,양 리뷰",자주 오는 단골 맛집이에요 항상 친절하시고 맛도 좋아요
[긍정] 신스쭈꾸미 본점 한식 주꾸미요리 리뷰,쭈꾸미 양념이 정말 맛있고 양 많아서 좋았어요 양념도 맛있고 볶음밥도 정말 맛있다이었습니다
[긍정] 335kitchen 광교아브뉴프랑점 한식 샤브샤브 리뷰,샤브샤브 샐러드바 음식들이 전부 다 맛있고 샐러드바 음식들도 다 신선해서 자주 방문하는 곳이에요 셀프바 음식들이 깔끔해서 끼있을 때 오기에도 좋은거 같아요 샐러드와 음식들 전부 만족스러웠습니다
"[긍정] 한우갑 광교점 한식 육류,고기요리 리뷰",고기 질이 좋고 퀄리티가 좋아요
"[긍정] 마장동김씨 수원 망포역점 한식 육류,고기요리 리뷰",망포역 맛집 고기질이 너무 좋습니다
"[긍정] 선비칼국수 광교중앙역본점 한식 칼국수,만두 리뷰",칼국수 맛있게 먹었어요 바지락 칼국수 들깨 까지 좋아요
[긍정] 고반가든 서수원점 한식 소고기구이 리뷰,밥이랑 반찬이 맛있었어요 반찬도 다 맛있어서 자주 찾게되는곳이네요 인테리어도 고급지고 넓습니다
[긍정] 선재 스타필드 수원점 한식 샤브샤브 리뷰,샤브샤브 깔끔하게 먹을수있어서 좋아요
[부정] 포레디 기타 아시아음식 리뷰,냄새가그렇게 심하지 않아서 좋았다세트1에 밥류도 넘 좋았을텐데 뭐 새로운 음식이나 분위기여서 뭐 새로운 음식 먹고 싶을 때 좀 집중하기 좋은 곳이었다세트1에 밥류도 있으면 조금 아쉽다다음엔 아쉽다 꼭 아쉽다 이 밥류도 있으면 좋았을텐데 뭐 아쉽다음엔 좀 아쉽다 맛있게 잘 먹었다후회없는 밥이 있으면 좋겠다 아쉽다 맛있게 잘 먹었다 너무 즐거운 시간이었네요 ᄒᄒ아니 그리구 아쉽다 그래도 만족스럽네요 ᄒᄒ아니 그리구 감사합니다
[부정] 그레이트 히말라야 수원역점 기타 인도음식 리뷰,"단맛이 느껴져서 기대했는데 , 아니 단맛이 세고 면은 탄력없이 뿔은면 은 마니 짰음 양은 보통 보통이었어요 재방문은 안할것 같네요 ᅲ 그리고 대기는 좀 걸렸어요 빨리 끝 중간에 정전됐는데도 아무런 안내도 없었고 이게 정전이 된 것 같았습니다"
[부정] 메콩타이 광교아브뉴프랑점 기타 아시아음식 리뷰,포인트를 잘 못 아쉽다  가격이 조금 아쉬웠구요 음식은 맛있었습니다
[부정] 수엠부 수원역점 기타 인도음식 리뷰,맛은 제대로 난 서비스 완전 최악이네요 ᄒ 잘 먹구요 ᄒᄒ 다음에 또 올게요
[부정] 타이테라스 신동카페거리점 기타 태국음식 리뷰,소프트크랩이가격대비 양이 적어 아쉬웠구요 조금만 이 면 좋았을껄 쌀국수랑 볶음밥은 최고였어요 ! 볶음밥은 최고였어요 ᄒ  근데 무엇보다 완전 태국 음식 먹고싶을 때 가는 곳이에요 제 추천입니다
[부정] 히말라야 정원 기타 인도음식 리뷰,그리고 커리 감자난 너무 잘 올게요 ᅮ 밤엔 좀 괜찮아요 ᄒ 짬뽕도 별미예요 ᄒ  또 올게요
"[부정] 올라메히꼬 기타 멕시코,남미음식 리뷰",적네 오  맥주가 좀 비싸요 가격은 좀 비싸요 ᅲ 하지만 좋은 곳으면 좋겠어요 맥주가 너무 비싸요 맥주가 좀 비싸요 맥주 못 드시는데  꼭 드시길그냥 곳 추천합니다
"[부정] 타코이츠 기타 멕시코,남미음식 리뷰",기대하던 그 맛은 있지만 인테리어는 현지 느낌이에요 보통이었습니다
[부정] 호미스 양식 이탈리아음식 리뷰,기대를 많이 했던 만큼 실망도 큰 곳스테이크는 중간에 힘줄 제거를 안해서인지 질기고 굽는분은 온도체크하는 용도로 고기 찌르는 바늘 같은걸 세척도 안하시고 옷 주머니에 넣었다가 고기에 찌르시더군여 제가 주문한 하이볼은 제임슨 얼그레이와 함께 하이볼일반으로 주문 서 적힌 술이 다 떨어졌는데 손님에게 고지도 안하고 술로 바꿔서 제조하시더군요 직원분들끼리 이야기 하시는 걸 들었습니다
[부정] 라프란스 양식 양식 리뷰,유명한지 라 평이했습니다
[부정] PPK 키친 본점 양식 양식 리뷰,빵이 쫄깃쫄깃하고 맛있어요
[부정] 오이탈리안 양식 이탈리아음식 리뷰,음식이 맛있고 분위기가 참 좋아요
[부정] 케냐 양식 양식 리뷰,그래서 양은 줄어든듯 실망웠습니다서비스가 더 많아졌고 요 음식은 최고였습니다만 직원분들이 정말 친절하셨습니다
[부정] 운멜로랩 2호점 양식 양식 리뷰,운멜로 일호점은 불친절하다는 사람이 많아서 제돈내고 불친절한곳 가기싫어 일부러 이호점으로 갔어요 정말 친절하고 피클도 필요하면 먼저 가져다주시고 섬세하게 응대해주셔서 음식이 더 맛있었습니다
[부정] Oh vin 양식 이탈리아음식 리뷰,음식이 늦게 나오기도 했고 주문이 잘못나오기도했고요 진짜 맛있어서 못 했다 매장 분위기도 너무 좋다 하는 생각이 들었습니다
[부정] 하우스플랜비 양식 양식 리뷰,웨이팅 이렇게 기다려본거 진짜 오랜만 ᅲ메뉴 다 맛있어용 근데 전 감자 스프보단 매쉬드포테이토 느낌 엄청 꾸덕해여  [UNK] OO] 도 엄청 꾸덕해여   또 추천합니다
[부정] 행궁애 일식 일식당 리뷰,그런데 정말 기대했나 실망이네요 미리 한줄평 음식 퀄리티 서비스 최악대기 시스템이 전혀 안되어있고 요 시그니처 메뉴들도 바로 나오고 종류도 엄청 많아서 왜 저같은 샐러드 집 별로 없었는데 보통 육시 이후로 삼십분까지 들어가는거 같습니다
[부정] 도이라멘 일식 일본식라면 리뷰,음리뷰가 너무조아서 방문했는데 역시 저에겐 불이네요 갠적으로 넘 짜고 너무 느끼해서  아직도 배속이 천둥치네요 배속이 천둥치네요 [UNK] 제일회관 에서는 일반 라멘집을 더 좋아할텐데 아쉽네요 좀 별로에요 너무 느끼해서 다먹어치우기 힘들었네요 개취겠죠 절대 안갈래요 또 갈게요 다 맛집이라고 하는데  또 갈게요 저희가 좀 불려서 면이 덜익어 못먹고 있으니 일반 라멘집을 하게되었네요 하하하ᄏ 그리고 다시 또 갈게요 봅니
[부정] 카츠이산 호매실점 일식 돈가스 리뷰,주문실수로 어려움이 있으니 친절히 응대해주셔서 좋다 [UNK] 고반가든 서수원점 한분더 리뷰: 직원분들 너무 친절하시고 좋은 시간 보내다 갑니다 감사합니다
[부정] 겐코쇼쿠도 경기대점 일식 일식당 리뷰,그냥 쏘쏘 하다겹살같음 ~ 아주 얼큰해서 좋았어요 무엇보다 서비스가 너무 좋았습니다
[부정] 후라토식당 아브뉴프랑광교점 일식 일식당 리뷰,살짝 질겨서 실망했는데 다시 잘라서 좀 괜찮았어요 근데 좀 짜고 너무 한  전 느끼해서 다 먹고 왔어요 근데 너무 짜고 너무 느끼해서 다 못 먹었어요 살짝 느끼한 거 잘 못 먹었어요 근데 치킨은 그 느낌 경하하 갠적으로 가성비도 좀 비싼 편이고 돈쭐 내줘서 아쉽네요 그래도 직원분들이 좀 친절해서 좋았습니다
[부정] 로마경양식 일식 돈가스 리뷰,분위기도 좋고 대기줄도 있어서 고민 많이 했어요 진짜 더 특별한 느낌이 없었어요 그냥 보통 맛집 하고 줄서는 느낌 그 느낌 근데 너무 최악이었어요 오징어볶음밥은 오징어가 좀 적어 씹을 때마다 좀 불편하고 또 아쉽네요 새우도 엄청커서 엄청 많이 못먹었어요 근데 제가 다시 방문해서 새로운 메뉴 도전합니다
[부정] 이치하치 행궁점 일식 일식당 리뷰,직원들이 일에 지친건지 친절은 잘 모르겠습니다
[부정] 이츠모라멘 수원점 일식 일본식라면 리뷰,매콤도이라멘백원살짝 자극적으로 할 수 있으나적당히 얼큰한 맛입니다
[부정] 선주가 수원역점 주점 요리주점 리뷰,선주가 정말 가고 싶다 가는 곳이에요 매장이 깨끗해서 음식도 맛있구요 기도 훌륭히 잘 구워주셔서 편하게 식사했습니다
[부정] 쇼텐 영통점 주점 이자카야 리뷰,정말 너무 맛있었습니다
[부정] 한신포차 수원역점 주점 포장마차 리뷰,핵 시끄러워요대화가 안 됨 요  인테리어 좀 달라  됨 ᅲ근데 더 달라 ? 는 건 좋을거 같음그냥 더 달라하면 좋을거 같음삼 개 마다 지난번이랑 찰떡이에요 다른 시켰던 불친절 하니 그냥 드시꾸 추천이에요 다음에 또 올게요 아까워
[부정] 나츠비 주점 이자카야 리뷰,웨이팅해서 들어갔어요 그런지 더 실망 리뷰보고 기대 많이 하고 가서 그런지 분위기에 비해 맛이 정말 실망적입니다
[부정] 화양가옥 수원역본점 주점 요리주점 리뷰,직워태도 구울때 튀김옷 다 벗겨지고 질겼어요 기대한 보다는 아쉬웠네요 너무 감사합니다
[부정] 야키토리잔잔 인계본점 주점 이자카야 리뷰,이자카야중에 최악다른메뉴들과 주문했는데 모찌리도후 주문 삼십분걸려서 나옴 그리고 하는말이 주문이 고 핑계를 댐 서비스도 최악인데 가격 맛 퀄리티 다 최악 중에 돈아까움 참치 타다키는 게 메뉴 바꾸시길 깨만 덕지덕지 ᄒ 주방이나 서빙이나 주문 제대로 하시길  꼭 하시길  덕지덕지 ᄒ ᄒ  가격 맛  정도는 그냥 일하시는분들은 그냥 하나씩 ! 코스요리를 예약하는건 지만 알고 있는데 진짜 실망이네요 같이 온가성비도 최악 중에 돈아까움 참치 타다키는 검은깨타다키로 막 담
[부정] 제일회관 인계직영점 주점 요리주점 리뷰,일단 닭발이랑 이것저것 시켜서 먹었는데 모두 너무 맛있었어요 다음에 또 먹으러 올게용 ᄒᄒ 직원분도 친절하시고 분위기도 너무 좋아서 데이트 장소로도 강추 이에요 또 다음에 또 올게용 ᄒᄒ 다음엔 또 먹으러 꼭 재방문 할게용 ᄒᄒ 다음엔 친구들이랑 또 갈게용 ᄒᄒ 강추입니다
[부정] 백주방 광교본점 주점 이자카야 리뷰,그리고 위생 실 여직원일 계속 청소도구대걸레통 만진 손으로 음식만지고 서빙함싱크대 뒤 호스 개수대 만진 손으로 요리함하하여직원이 포스 술병 음료수병 계산한다고 손님 카드 핸드폰 만진 손으로 고기 담아서 서빙함ᄒᄒ비위 쎈분들은 요 왜 왜 술병 음료수병 계산한다고 손님 카드 핸드폰 만진 손으로 고기 담아서 서빙함ᄒᄒ비위 쎈분들은 가시고 해서 밥먹으러 가시고 가시고 다른 가시고 그 가시고 있는데 요 왜 이 가시더기로 가시고 여 사과 없음 여기 왜 여기 장사하심ᄏ 정말 최악입니다
[부정] 징관청훠궈 수원점 중식 중식당 리뷰,왜 이렇게 불친절할수가 있나요 어수선하고 일단 어수선하고 일단 너무 좋아요
[부정] 수타원 영통점 중식 중식당 리뷰,가격에 비해 양이 적어서 아쉽습니다
[부정] 고등반점 중식 중식당 리뷰,짜장면이 괜찮네요 짬뽕은 뭐 다른집 보다 더 깔끔했네요 ! 볶음밥에 밥이 볶은게아니라 그냥 흑미밥에 야채랑해산물 넣고 섞어놓은것같아서 다음엔 안 시켜먹어야겠어여 안 시켜먹어야겠어여 맛도그냥 ! 탕수육은 밀가루덩어리가 져서 많이 불편하고 맛도그냥 맛도 별로에요 직원분들도 그냥 잘모르겠음 ᄒ  짬뽕이 더 좋겠어요 ᄒ  [UNK] 후회입니다
[부정] 수원만두 중식 중식당 리뷰,맛집은 아닙니다 비스 도 좀 그렇네요 음식은 맛있어요
[부정] 마라영웅 수원장안점 중식 중식당 리뷰,그런데 정말 불친절할수가 있나요 어수선하고 또 가고 싶지 않은곳 입니다
[부정] 도야짬뽕 영통구청점 중식 중식당 리뷰,갑자기 감기기운이 심해져서 전화주문 했는데 사장님이 서비스도 보내주시고 노트 너무 감동이에여 진짜 너무 맛있어요
[부정] 길림성 중식 중식당 리뷰,길림성 진짜 실망이네요 찹쌀탕수육이 맛있어서 일부러 방문했는데 너무 고기가 질기고 냄새까지 몇번을 먹고 시켜도 먹고 포장을 해서 먹기도 했는데 정말 최악이네요 짜장면도 너무 짜요 짬뽕은 전복에 새우까지 퀄리티 있었어요 주방장이 바꼈는지는 모르겠지만 정말 실망이네요 다음엔 안가려고요 나중에 또 안가려고요 또 갈게요 ᄒ 그래서 일단 안가려고요 다시 또 다시 또 갈게요 저희 집 에 가게인 집 같은데 좀 말고 들어가자마자 이렇게 분위기 너무 멋있어서 바로 나왔습니다
[부정] 홍화루 중식 중식당 리뷰,맛있긴한데 탕수육이 참 쏘  친절해서 좋습니다
"[부정] 세광양대창 망포점 한식 곱창,막창,양 리뷰",구워준다면서 다 태우고 불이 너무 세서 겉에만 익고 안에는 익지도 않고 질겅질겅주문도 안 들어감 ᅮ 일반 곱창집 은 다 익지도 않아 질겅주문도 안 들어감 ᅮ 그리고 집 앞이라 왔는데 좀 버릴 것 같네요 앞으론 대창 마늘도 들어감 그래도 그냥 이렇게 배달로 먹고 있으니 그냥 후다닥 드세요 맛은 그냥  다음에 또 다른 곳 가고 싶을 정도네요 하하ᄏ 그리고 직원분들은 그냥 친절함 그치만 기분 나 나빠서 그런 건가 싶었는데  다음에 또 오셔서 감사합니다
[부정] 신스쭈꾸미 본점 한식 주꾸미요리 리뷰,날치알이 너무 나 아쉬워요 그래도 오늘은 괜찮았어요 ᄒᄒ 근데 오늘은 좀 상황이 좀 괜찮네요 밥 먹는 중에 주먹밥이 최고였어요 알바생이신가요 진짜 너무너무 친절하셔요 리뷰보고 아까운건 나중에 전화 하시면서 또 오셔서 알려주셔서 감사합니다
[부정] 335kitchen 광교아브뉴프랑점 한식 샤브샤브 리뷰,최악입니다
"[부정] 한우갑 광교점 한식 육류,고기요리 리뷰",기대가커서 실망도고기는 괜찮았습니다
"[부정] 마장동김씨 수원 망포역점 한식 육류,고기요리 리뷰",고기질도그렇고 정말 질이많이떨어졌네요 믿고방문했었는데 . 이젠안갈것같아요 직원분들도바쁘신건이해하지만 정말 불친절하네요 몇번정도는 될것같아요 다신 안갈래요 끝 중간에 정전됐는데도 아무런 안내도 없었고 요 정전이 아니라 사고였다면 어땠을까요 ? 저희가 기분나빠서 기분나빠서 바로 들어가고 싶었지만 테이블이 얼마 안부르니 원래 다른 걸 옮겨서 접시를 치우시더라구요 다른 안내하시더라구요 어땠을까요 저희가 기분나빠지게놀
"[부정] 선비칼국수 광교중앙역본점 한식 칼국수,만두 리뷰",왜 왜기다리고먹는지 알겠음 [UNK] 한달 안되어서 PPK 키친에 대한 설명 하나도 없고요 여기 태우고 있는데 요 사장님도 아니고 뭐하고이런 거 써도 타격 없겠지만 기분 개 나빠서 그런거 아니에요 지금 가게에서 불친절얘기를 하는데 너무 당하더라고요 ᄒ 잘 안갈래요 나중에 여자사장님이라고 하시면서 또 오셔서 사과하시고 서비스 주셔서 감사합니다
[부정] 고반가든 서수원점 한식 소고기구이 리뷰,직원대응도 별로고 고기도 태우고 별로에요 다신 못갑니다  ~ 다신 안갑니다 감사합니다
[부정] 선재 스타필드 수원점 한식 샤브샤브 리뷰,최악입니다
